question,answers
What do you mean by Incorporating a legal entity?,"Incorporation is the legal process used to form a corporate entity or company. A corporation is the resulting legal entity that separates the firm's assets and income from its owners and investors.
Corporations can be created in nearly all countries in the world and are usually identified as such by the use of terms such as ""Private Limited"" or ""Limited (Ltd.)"" in their names. It is the process of legally declaring a corporate entity as separate from its owners.

Incorporation has many advantages for a business and its owners, including:
1. Protects the owner's assets against the company's liabilities.
2. Allows for easy transfer of stake to another party.
3. Often achieves a lower tax rate than on personal income.
4. Can raise capital through the sale of equity or a stake in LLP.

Throughout the world, corporations are the most widely used legal vehicle for operating a business. While the legal details of a corporation's formation and organization differ from jurisdiction to jurisdiction, most have certain elements in common. 

Incorporation effectively creates a protective bubble of limited liability, often called a corporate veil, around a company's shareholders and directors. As such, incorporated businesses can take the risks that make growth possible without exposing the shareholders, owners, and directors to personal financial liability outside of their original investments in the company.

So why incorporate if 80%+ of entrepreneurs do not? 

1. The primary reason for selecting a corporate form is for the limited liability and perpetual existence that these organizations can provide, because once a company is formed, it is regarded as a separate legal entity from its owners. Sole proprietors and partnerships are usually personally liable for the debts and obligations of their businesses, and the businesses cease upon the death or departure of the principals.
2. Incorporation is primarily about risk reduction for all parties in an enterprise.
3. Incorporation clarifies the ownership interests of entrepreneurs, investors, and employees, giving everyone confidence that they are receiving the deal for which they bargained their money or labor.
4. Incorporation moves liability for debts and business obligations from the entrepreneurs into the company itself—since the law recognizes it as a separate entity from its owners.
5. Incorporation turns a business from a concept to a thing; that thing can be owned, bought, sold, borrowed against, destroyed, etc., like any other property.
6. Incorporation sends a signal to customers, partners, and the rest of the world that the business intends to operate in a professional manner.

The chief reason many entrepreneurs choose not to incorporate is that running a real business is complicated and expensive. A sole proprietorship exists as soon as you say it does. It can stop existing almost as quickly. A company, on the other hand, can be an administrative inconvenience as there are several compliance and reporting requirements"
When to incorporate?,"Whether to incorporate one’s business or not is a decision to make carefully after talking to one’s professional advisors, such as a Chartered Accountant or a Company Secretary or a Lawyer. The following are common reasons to incorporate:

Incorporate immediately if you’re told to by professional advisors
Some businesses are, by their nature, so exposed to liability that they should almost always be operated as an incorporated entity. Your advisor can, given a brief description of your business, likely give you their considered opinion on whether your industry or business model strongly warrants incorporation.

Your advisor might also advise incorporation as a proactive measure if you have substantial assets outside of the business, such as other business interests or a house, which should be protected from debts or liabilities attached to the business.

Incorporate if you want to share ownership with anyone else
Unincorporated partnerships can exist. That said, they have some drawbacks compared with incorporated partnership structures, like limited liability partnerships (LLPs). Most entrepreneurs with partners choose to have an LLP or a Private Limited Company.

Partnerships are extraordinarily customizable with regards to who is contributing what and who ends up owning what as a result of the partnership. This customizability can be extremely complicated, and making sure the agreement is fair to all parties (and appropriately de-risked) can run up a large tab for professional services.

An unfortunate fact of starting businesses is every relationship will eventually come to an end. LLPs and Private Limited Companies have well-established mechanisms for removing a partner or winding down entirely. Ad hoc partnerships often don’t, adding additional headaches, expense, and legal risk to an outcome that is likely already an unhappy one for all involved. You can avoid heartache during the dissolution of your ad hoc partnership by formalizing the partnership early.

The legal name for an ownership interest in a company is equity, and there are a variety of ways to grant it. These implicate an existing legal infrastructure that dates back hundreds of years. Holders of equity have predictable rights, which they can reasonably assume will be enforced; this is part of what makes equity in a successful business so valuable.

Most founders who want to share ownership of a business with employees or advisors (even if they’re not full partners) choose to grant equity—via a well-defined instrument—in an entity rather than having poorly specified, informal agreements that come back to bite you later.

Incorporate when you anticipate taking investment
Sophisticated investors want to know that, in return for their investment, they will share in the economic proceeds of the business as agreed. This is much easier to guarantee for corporate entities than for unincorporated businesses. We have centuries of practice in accounting for how much money companies make, apportioning varying amounts of control over their operations, and handling disputes in interpretation regarding agreements made about them.

Most serious investors prefer to invest in a corporate entity rather than an unincorporated entity. The exact timing of incorporation depends on the particular deal and investor; sometimes the deal is struck in principle before incorporation and formalized with the newly incorporated company. Usually, the company being formed is a prerequisite to having the deal.

Incorporate before hiring a full-time employee
There are many ways that businesses are regulated. One of the most detailed and complicated ways is in their interactions with employees, due to the social importance of the employment relationship. Accordingly, bringing on your first employee causes a quantum leap in the level of sophistication that you have to bring to running your business and to the potential downside risk of being noncompliant.

Additionally, your business may be responsible in some circumstances for that employee’s actions. If you have not incorporated, the business does not have a separate identity than you personally, so you personally might be forced to pay for their mistakes.

Incorporate as your business approaches material size or complexity
As businesses grow, they tend to get more complicated and to accumulate more sources of risk. You’re shipping more products to more customers. Your services start selling to more sophisticated customers, who have more to lose if you break things and more propensity to sue when things get broken. You attract the attention of bad actors.

Incorporation can help limit your personal exposure to risks that might properly belong to the business you’re running.
"
Accounting needs for any organization,"Accounting refers to the systematic and detailed recording of financial transactions of a business. There are many types, from accounting for small businesses, government, forensic, and management accounting, to accounting for corporations.

Why Is Accounting Important?
Accounting plays a vital role in running a business because it helps you track income and expenditures, ensure statutory compliance, and provide investors, management, and government with quantitative financial information which can be used in making business decisions.

There are three key financial statements generated by your records.

1. The income statement provides you with information about the profit and loss
2. The balance sheet gives you a clear picture on the financial position of your business on a particular date.
3. The cash flow statement is a bridge between the income statement and balance sheet and reports the cash generated and spent during a specific period of time.

It is critical you keep your financial records clean and up to date if you want to keep your business afloat. Here are just a few of the reasons why it is important for your business, big or small!

a. It Helps in Evaluating the Performance of Business
Your financial records reflect the results of operations as well as the financial position of your small business or corporation. In other words, they help you understand what’s going on with your business financially. Not only will clean and up to date records help you keep track of expenses, gross margin, and possible debt, but it will help you compare your current data with the previous accounting records and allocate your budget appropriately.

b. It Ensures Statutory Compliance
Laws and regulations vary from state to state, but proper accounting systems and processes will help you ensure statutory compliance when it comes to your business.

c. The accounting function will ensure that liabilities such as GST, income tax, PF and ESIC, to name a few, are appropriately addressed.

d. It Helps to Create Budget and Future Projections
Budgeting and future projections can make or break a business, and your financial records will play a crucial role when it comes to it.

e. Business trends and projections are based on historical financial data to keep your operations profitable. This financial data is most appropriate when provided by well-structured accounting processes.

f. It Helps in Filing Financial Statements
Businesses are required to file their financial statements with the Registrar of Companies. Listed entities are required to file them with stock exchanges, as well as for direct and indirect tax filing purposes. Needless to say, accounting plays a critical role in all these scenarios.
 
"
Different types of legal entity structures,"A business entity is a commercial institution formed to engage in business activities, usually the sale of a product or a service. There are many types of business organisations defined in the legal systems of various countries. These include companies, Limited Liability Partnerships, Trusts, cooperatives, sole traders, etc.

The below article lists basic types of legal structures associated with different forms of business:

1. Sole Proprietorship: A sole proprietorship is the easiest to set up a business organisation because there is no complex paperwork. A sole proprietorship is an unincorporated business that is owned by one “individual”. Sole Proprietorship does not require government approval. The business has no existence apart from the owner. The owner is his or her own boss. He owns the business assets and is is personally responsible for all debts of the business. Thus, all liabilities of the business are the owner’s personal liability. The business ceases upon the death of the owner.

2. Limited Liability Partnership: A Limited liability Partnership is a body corporate incorporated under Limited liability Partnership Act, 2008. It is a legal separate entity from its partners. It contains both the elements of corporate structure and partnership firm. An LLP is liable to the full extent of its assets but the partners liability is limited to only their agreed contribution to the LLP except in case of fraud. Moreover, a partner is not liable for another partner’s misconduct or negligence as there is no joint liability in case of partners..

3. Private Limited Company: A Private Limited Company is one of the most common types of corporate structures used in India. Private Limited Companies are governed by the Companies Act, 2013 and require a minimum of 2 Directors and 2 Shareholders with one of the Directors being an Indian Resident and Indian Citizen. 100% Foreign Direct Ownership (FDI) is permitted in most sectors in India and there is no restriction on foreign shareholding of a private limited company. Hence, most foreign subsidiaries are established in India as private limited company.

4. Trust: A Trust is a legal entity which holds or owns assets, shares, funds, cash, real estate, or any other form of property under its umbrella, only to be bequeathed (passed on) to a beneficiary at a decided time as decided by the grantor or author of the Trust. In India, A Trust is registered and governed under the Indian Trusts Act 1882. And the document that binds a Settlor/Author/Grantor to the Trustee and the Trust is called a Trust Deed. It is one of the simplest kinds of registrations requiring no complex explanations apart from its intention of formation. A trust structure is also the most widely used corporate structure entity for setting up of fund operations in India"
Startup Scenario in India and Socio Cultural dissonance with western counterparts,"The pandemic has accelerated digital adoption by organisations worldwide, easing the flow of cross-border investments as investors can now quickly access information on foreign startups and their operating environments. As if in sync, overheated western markets, dominated by legacy investors such as Tiger Global, Andreessen Horowitz and Sequoia Capital, are sending startup deal valuations through the roof (The Economist, 2021). Many global investors are therefore exploring the large and booming startup markets in emerging economies, particularly China and India.

While much has been written about the many advantages of the Chinese startup scenario, the Indian startup scene appears equally promising, and needs deeper exploration. India has the third-largest startup ecosystem globally, with over 60,000 startups across its 642 districts. As of April 2022, India is home to as many as 65 unicorns across multiple industries, with money pouring in from major foreign investors. But despite the optimism surrounding Indian startups, it is estimated that 90 per cent of them are likely to fail within the first five years. Global investors must therefore look for hidden pitfalls before they take the plunge.

Indian entrepreneurs differ from their western counterparts in how they view the world. For instance, the former are more reluctant to share information and take longer to trust outsiders (Harriss, 2003). There have also been cases of early-stage Indian startups splurging investors’ money (Rajagopalan and Zhang, 2008). This is in stark contrast to western countries where tighter socio-ethical norms motivate entrepreneurs to treat investors’ money perforce as their own. The recent allegations of financial impropriety against the founders of BharatPe, an Indian fintech startup, is a case in point. Besides, given the emphasis on close-knit family ties in Indian society (Warner, 2014), it is common for Indian startups to have family members in key leadership roles. Replacing them is never easy, implying that conflicts over governance issues may potentially arise in future if the Indian founding family is reluctant to cede any control even to investors with significant ownership stakes.

Misjudging the market and the customer
With a population of 1.4 billion, including a ‘middle class’ of around 600 million, India is said to have huge market potential. But this can be deceptive, given the much smaller de facto size of the Indian market. Take consumer technology, for example. According to a 2020 report by the Internet and Mobile Association of India, there are 622 million active internet users in India, but most of them possess only basic smartphones that lack processing speed and memory. Moreover, the absolute purchasing power of the Indian middle class is considerably lower than the middle class in developed economies (The Economist, 2018). Many Indian customers also distrust online transactions (Sahney et al., 2013), making it harder for geographically distant startups to attract these customers who often rely on traditional neighbourhood stores that accept cash payments. The Indian consumer is also highly price-sensitive (Mukherjee et al., 2012), making customer retention an ongoing challenge, and leading to cash burn in the form of discounts and deals.

Regulatory and other differences
Contrary to popular belief, it is not the lack of regulation that hurts Indian businesses, but over-regulation, which results in opaque administrative processes (India Economic Survey, 2021). Under-implementation, the flip side of over-regulation, is another common regulatory malady. Startups, in general, often create markets that are beyond the scope of the existing regulatory landscape (e.g., the lack of comprehensive regulations for self-driving vehicles), and this problem is worse in India. Indian startups also have to deal with regulatory flip-flops (The Economist, 2020). For instance, the recent revocation of the auto-payment feature for recurring payments by the Indian central bank caused major disruptions to payment wallets and other subscription-based startup models. What further muddies the water is that India is not one large, homogeneous market, but rather a collection of several micro-markets divided not only along the lines of state-specific regulations, but also by income levels, regional economic development, and cultural norms. These create a labyrinth of legal and other associated complexities that startups must navigate in order to thrive (David et al., 2021).

Thinking beyond Ivy League graduates
By and large, foreign investors have shown a preference for investing in startups founded by the alumni of the Indian Institutes of Technology (IITs) and/or the Indian Institutes of Management (IIMs), the Indian Ivy League universities (Nigam et al., 2020). However, viewing academic pedigree as a proxy for entrepreneurial ability can lead to poor investment decisions. Investors need to look beyond academic degrees while evaluating entrepreneurs, and discern more relevant signals such as social capital, technological competence, founding team experience, startup alliances, patent applications, access to government grants, or even affiliations with third parties or other venture capitalists (Colombo, 2021). Partnering with local incubators and accelerators can also be a good way for foreign investors to test the Indian startup waters.

Exit costs
In the initial euphoria of investing in a promising startup, foreign investors must not forget to keep an exit door ajar. Exit can be tricky in the Indian market (Dominic and Gopalaswamy, 2019; Figure 3). Big-ticket acquisitions of startups, such as Walmart’s $16 billion acquisition of Flipkart in 2018, are rare. Most acquisitions do not result in high-value deals, with many startups “marked to myth” rather than to market (The Economist, 2020). Pulling off a successful IPO is no easy feat either. Despite the spate of IPOs in 2021 (examples include digital payment giant Paytm, food delivery company Zomato and the cosmetic e-tailer Nykaa) and the relaxation of norms by SEBI (India’s capital market regulator), the number of startups going public is still quite low when compared to the US or China. That is because the Indian capital market is still relatively underdeveloped, with a somewhat lukewarm participation by retail investors (Giannetti and Koskinen, 2010). Post successful listing, the market prices of many newly listed stocks often witness a sharp decline, causing retail investors to question their massive valuations. This has forced many startups to reconsider their IPO plans, making it even harder for investors to find a profitable exit.

India has over 61,400 startups recognised by the Department for Promotion of Industry and Internal Trade (DPIIT), with at least 14,000 recognised during fiscal 2022, according to the Economic Survey 2021-22. The survey is an annual report card of the economy which examines the performance of several sectors and suggests future moves. It also puts forward a GDP growth projection.

"
Taxes 101 ,"Taxes are mandatory contributions levied on individuals or corporations by a government entity—whether local, regional, or national. Tax revenues finance government activities, including public works and services such as roads and schools, or programs such as Social Security and Medicare.

In economics, taxes fall on whoever pays the burden of the tax, whether this is the entity being taxed, such as a business, or the end consumers of the business’s goods. From an accounting perspective, there are various taxes to consider, including payroll taxes, Income Tax, GST and other State level taxes..

Taxes in India
The tax structure consists of the central government, state governments, and local municipal bodies. When it comes to taxes, there are two types of taxes in India - Direct and Indirect tax. The direct tax includes income tax, gift tax, capital gain tax, etc while indirect tax includes value-added tax, service tax, Good and Service tax, customs duty, etc.

The Central Government of India imposes taxes such as customs duty, central excise duty, income tax, and service tax. The state governments impose income tax on agricultural income, state excise duty, professional tax, land revenue and stamp duty. The local bodies are allowed to collect octroi, property tax, and other taxes on various services like water and drainage supply.
Types of Taxes in India
Taxation in India is majorly divided into Central and State Govt taxes with two types of taxes:

1. Direct Taxes

2. Indirect Taxes

While direct taxes are levied on your earnings in India, indirect taxes are levied on expenses. The responsibility to deposit the direct tax liability lies with the earning party, whether individual, HUF or a company.

Indirect taxes are collected majorly by the corporates and businesses providing services and products. Thus, the responsibility to deposit indirect taxes lies with these entities.

What is Direct Tax?
Direct taxes are imposed on corporate entities and individuals. These taxes cannot be transferred to others. For individual taxpayers like you, the most important type of Direct tax is the income tax. This tax is levied during each assessment year (1st April to 31st March). As per the Income Tax Act, 1961, it is mandatory for you to make income tax payments if your annual income is above the minimum exemption limit. You can get tax benefits under various sections of the Act. Before we talk about tax benefits, it is important for you to understand the income tax slab.

What are the Different Types of Direct Tax?
Direct taxes account for almost 50% of the government’s revenue in India. However, income tax is not the only direct tax. Here are the types of direct taxes applicable in India:

1. Income Tax

2. Capital Gains Tax

3. Corporate Tax

Income tax applies to any income of an Individual and HUF except capital gains and profits from business and profession. Income tax is calculated as per the applicable slab rates for the Assessment Year.

The central government announces the slab rates in the annual budget.

You also have the provision to reduce your taxable income using the tax-saving investments and expenses under section 80C.

What other Taxes come under Direct Tax?
Individuals in India, earn an income in a diverse range. Therefore, it is important to levy a tax on you based on your income and if someone earns more, the tax percentage should be different. The Income Tax Act segregates the income range and charges different rates as per the segregation. The different groups are known as tax slabs. Your income tax slab can vary not only based on your income but also your age. Every year during the Central Government’s Budget Session, amendments are made in the income-tax slabs.

1. Capital Gains Tax
Capital gains tax apply to the profits from the sale of a capital asset only. The rate of tax on capital gains depends on the type of capital gain. Income Tax Act, 1961 divides the capital gains tax into the following two types:

Short-Term Capital Gains Tax
Long-Term Capital Gains Tax
Short-term capital gains are when the assets are sold within a specified period, for example:

a) Equity stocks sold within 12 months of purchase

b) Debt mutual fund units sold within 36 months of purchase

c) Real estate property or gold sold within 36 months of purchase

If the asset is sold after the specified period, the gains or losses will become long-term capital gain or loss.

Depending on the type of asset your gain may receive indexation benefit on long-term capital gains. Indexation allows you the benefit of inflation to your capital gains, reducing your tax liability.

Also Read: Capital gains accounts scheme

2. Corporate Tax

The corporate tax applies to the businesses and entities filing their returns and declaring income under the head “Profits and Gains from Business and Profession”. The corporate tax rates differ on various things. Below is a summary of the rates applicable to various corporate entities:

A trust registered as a fund i.e. an Alternative Investment Fund (“AIF”) is awarded a pass through status of Direct taxes other than Corporate tax.

Corporate structure	Tax rate applicable
Private Limited Company - 22% (excluding cess and surcharge)
Limited Liability Partnership - 30% (excluding cess and surcharge)
Trust
In case of determinate trust - taxed in the same and like manner as its beneficiaries.

In case of indeterminate trust - taxed at Maximum Marginal Rate 

Maximum Marginal Rate - 30%/ 40% (plus the maximum surcharge and cess applicable)


What are the Different Types of Indirect Taxes in India?

Indirect taxes in India have been the most consistent and largest revenue source for the government. The Indian tax system has had multiple indirect taxes, some of these are still operational:

a) Service Tax
b) Indian Excise Duty
c) Value Added Tax (VAT)
d) Customs Duty
e) Securities Transaction Tax (STT)
f) Stamp Duty
g) Entertainment Tax

Few of the indirect taxes in India like service tax, value-added tax and excise duty have been removed for a large number of goods and services. These taxes have been replaced by a single Goods and Services Tax.

Customs duty tax applies to the goods being imported into India from other countries, and in a few cases on the goods being exported from India.

Securities Transaction Tax or STT applies to the transactions involving an exchange of financial securities. For example, equity stocks, mutual fund units, future and options contracts. This tax is necessarily applied to securities exchange transactions. However, you can also pay Stamp duty and STT on securities changing hands outside the exchange or over the counter.

STT allows the buyers and sellers of securities to benefit from lower short and long-term capital gains taxes on the exchange.

Stamp duty is a State Government levy on the transfer of assets within their territory. It acts as legal proof of ownership of the asset or security.

Entertainment tax in India is also a state subject and applies to the transactions involving the entertainment business in the country. Such businesses and activities will include movie releases, sporting events, concerts, amusement parks, theatres, etc.

What is Goods and Services Tax?
Goods and Services Tax or GST has been a consolidation of a complex web of indirect taxes in India. Taxation in India can have three layers of levies – Centre, State and Local Authority or Municipalities.

Before GST introduction in the Indian taxation system, the following indirect taxes could apply to the goods and services in India:

a) Excise Duty
b) Entertainment Tax
c) Value Added Tax (VAT, State)
d) Octroi
e) Service Tax
f) Central Sales Tax (collected by State)
g) Purchase Tax
h) Entry Tax (State)
i) Luxury Tax (State)

These interconnecting and often overlapping taxes posed many disadvantages and conflicts for suppliers and manufacturers along with the government bodies.

Disadvantages of Indirect Taxes before GST
1. A complex web of multiple tax points and returns for suppliers

2. Incidents of double taxation and cascading effect

3. Difficult web legal conditions for exporters

4. The difficulty of market entry due to varying rules and regulations

5. Very high after-tax prices for goods and services

The introduction of GST was to remove the complexity and hurdles towards participation in nationwide markets for businesses. For the individuals and end consumers, GST made the goods and services cheaper, while making taxation transparent and easy for sellers.

The Present State of GST
GST has simplified the indirect taxation for goods and services in India. With GST, instead of five or six different taxes you only need to consider the following three (out of which only two will apply):

Central Goods & Services Tax (CGST)
State Goods & Services Tax (SGST)
Integrated Goods & Services Tax (IGST)
CGST and SGST will apply when the sale is happening within the state. IGST applies to the goods being sold between states.

The Rate of GST

GST rates for different commodities and services are announced by the GST council under the Central Board of Indirect Taxes and Customs (CBIC). Further, The GST Council revises the rate slab of goods and services periodically. The GST rates are usually high with regards to luxury goods and services and low for essential needs. GST rates in India for various goods and services are divided into four slabs: they are 5%, 12% , 18% , & 28%.

Compared to the other countries and economies around the world using GST the rates are on the lower side.
"
